[
  {
    "model": "adit.interestedtags",
    "pk": 1,
    "fields": { "content": "snu", "usercount": 5, "postcount": 3 }
  },
  {
    "model": "adit.interestedtags",
    "pk": 2,
    "fields": { "content": "cse", "usercount": 5, "postcount": 3 }
  },
  {
    "model": "adit.interestedtags",
    "pk": 8,
    "fields": { "content": "guitar", "usercount": 1, "postcount": 0 }
  },
  {
    "model": "adit.interestedtags",
    "pk": 9,
    "fields": { "content": "concert", "usercount": 1, "postcount": 1 }
  },
  {
    "model": "adit.interestedtags",
    "pk": 10,
    "fields": {
      "content": "\uc774\ubb38\uc138",
      "usercount": 1,
      "postcount": 0
    }
  },
  {
    "model": "adit.interestedtags",
    "pk": 11,
    "fields": { "content": "Frontend", "usercount": 1, "postcount": 1 }
  },
  {
    "model": "adit.interestedtags",
    "pk": 12,
    "fields": { "content": "React", "usercount": 1, "postcount": 1 }
  },
  {
    "model": "adit.interestedtags",
    "pk": 13,
    "fields": { "content": "Facebook", "usercount": 1, "postcount": 0 }
  },
  {
    "model": "adit.interestedtags",
    "pk": 14,
    "fields": { "content": "guit", "usercount": 1, "postcount": 0 }
  },
  {
    "model": "adit.interestedtags",
    "pk": 15,
    "fields": {
      "content": "\uac00\uc628\ud640",
      "usercount": 1,
      "postcount": 0
    }
  },
  {
    "model": "adit.interestedtags",
    "pk": 16,
    "fields": { "content": "android", "usercount": 2, "postcount": 2 }
  },
  {
    "model": "adit.interestedtags",
    "pk": 17,
    "fields": { "content": "magic", "usercount": 1, "postcount": 0 }
  },
  {
    "model": "adit.interestedtags",
    "pk": 18,
    "fields": { "content": "malcha", "usercount": 1, "postcount": 1 }
  },
  {
    "model": "adit.interestedtags",
    "pk": 19,
    "fields": { "content": "festival", "usercount": 1, "postcount": 0 }
  },
  {
    "model": "adit.interestedtags",
    "pk": 20,
    "fields": { "content": "\uc74c\ub8cc", "usercount": 1, "postcount": 0 }
  },
  {
    "model": "adit.interestedtags",
    "pk": 21,
    "fields": {
      "content": "\ubcf4\uc131\ub9d0\ucc28",
      "usercount": 1,
      "postcount": 0
    }
  },
  {
    "model": "adit.interestedtags",
    "pk": 22,
    "fields": { "content": "\ub9d0\ucc28", "usercount": 1, "postcount": 0 }
  },
  {
    "model": "adit.interestedtags",
    "pk": 23,
    "fields": { "content": "\ub179\ucc28", "usercount": 1, "postcount": 0 }
  },
  {
    "model": "adit.interestedtags",
    "pk": 24,
    "fields": {
      "content": "\uc640\ud50c\uc2a4\ud29c\ub514\uc624",
      "usercount": 1,
      "postcount": 0
    }
  },
  {
    "model": "adit.interestedtags",
    "pk": 25,
    "fields": { "content": "\uc6f9", "usercount": 1, "postcount": 0 }
  },
  {
    "model": "adit.interestedtags",
    "pk": 26,
    "fields": { "content": "\uc571", "usercount": 1, "postcount": 0 }
  },
  {
    "model": "adit.interestedtags",
    "pk": 27,
    "fields": {
      "content": "\ub3d9\uc544\ub9ac",
      "usercount": 1,
      "postcount": 0
    }
  },
  {
    "model": "adit.interestedtags",
    "pk": 28,
    "fields": { "content": "recruit", "usercount": 1, "postcount": 0 }
  },
  {
    "model": "adit.interestedtags",
    "pk": 29,
    "fields": {
      "content": "\uc2e0\uc785\ubaa8\uc9d1",
      "usercount": 1,
      "postcount": 0
    }
  },
  {
    "model": "adit.interestedtags",
    "pk": 30,
    "fields": { "content": "\ub18d\uad6c", "usercount": 1, "postcount": 1 }
  },
  {
    "model": "adit.interestedtags",
    "pk": 31,
    "fields": { "content": "lol", "usercount": 1, "postcount": 0 }
  },
  {
    "model": "adit.interestedtags",
    "pk": 32,
    "fields": { "content": "\uae68\ucda4", "usercount": 2, "postcount": 1 }
  },
  {
    "model": "adit.interestedtags",
    "pk": 33,
    "fields": {
      "content": "\uc88b\uc794\uc544\uc694",
      "usercount": 1,
      "postcount": 0
    }
  },
  {
    "model": "adit.interestedtags",
    "pk": 34,
    "fields": { "content": "\uac15\uc88c", "usercount": 1, "postcount": 0 }
  },
  {
    "model": "adit.interestedtags",
    "pk": 35,
    "fields": {
      "content": "\uc190\ub3d9\ud604",
      "usercount": 1,
      "postcount": 0
    }
  },
  {
    "model": "adit.interestedtags",
    "pk": 36,
    "fields": { "content": "course", "usercount": 1, "postcount": 0 }
  },
  {
    "model": "adit.interestedtags",
    "pk": 37,
    "fields": {
      "content": "\uc190\uc190\uc774",
      "usercount": 1,
      "postcount": 0
    }
  },
  {
    "model": "adit.interestedtags",
    "pk": 38,
    "fields": { "content": "\ub300\ud68c", "usercount": 1, "postcount": 0 }
  },
  {
    "model": "adit.interestedtags",
    "pk": 39,
    "fields": {
      "content": "\ube44\uc694\ub728",
      "usercount": 1,
      "postcount": 0
    }
  },
  {
    "model": "adit.interestedtags",
    "pk": 40,
    "fields": {
      "content": "\ubbfc\uc8fc\ub2f9",
      "usercount": 1,
      "postcount": 0
    }
  },
  {
    "model": "adit.interestedtags",
    "pk": 41,
    "fields": { "content": "\uc0ac\uc9c4", "usercount": 1, "postcount": 0 }
  },
  {
    "model": "adit.interestedtags",
    "pk": 42,
    "fields": { "content": "ML", "usercount": 1, "postcount": 0 }
  },
  {
    "model": "adit.interestedtags",
    "pk": 43,
    "fields": { "content": "Backend", "usercount": 1, "postcount": 0 }
  },
  {
    "model": "adit.interestedtags",
    "pk": 44,
    "fields": { "content": "dance", "usercount": 1, "postcount": 0 }
  },
  {
    "model": "adit.interestedtags",
    "pk": 45,
    "fields": { "content": "\uc6b4\ub3d9", "usercount": 1, "postcount": 0 }
  },
  {
    "model": "adit.interestedtags",
    "pk": 46,
    "fields": { "content": "\uc694\uac00", "usercount": 1, "postcount": 0 }
  },
  {
    "model": "adit.postimage",
    "pk": 1,
    "fields": { "image": "image/adpost/postimage/temp_XZCsPHt.png" }
  },
  {
    "model": "adit.postimage",
    "pk": 2,
    "fields": { "image": "image/adpost/postimage/temp_hh0whJI.jpeg" }
  },
  {
    "model": "adit.postimage",
    "pk": 3,
    "fields": { "image": "image/adpost/postimage/temp_f1Uf4yv.jpeg" }
  },
  {
    "model": "adit.postimage",
    "pk": 4,
    "fields": { "image": "image/adpost/postimage/temp_EndAf9a.png" }
  },
  {
    "model": "adit.postimage",
    "pk": 5,
    "fields": { "image": "image/adpost/postimage/temp_L2EMGb3.png" }
  },
  {
    "model": "adit.postimage",
    "pk": 6,
    "fields": { "image": "image/adpost/postimage/temp_VvidgCQ.png" }
  },
  {
    "model": "adit.postimage",
    "pk": 7,
    "fields": { "image": "image/adpost/postimage/temp_RhiKB05.jpeg" }
  },
  {
    "model": "contenttypes.contenttype",
    "pk": 1,
    "fields": { "app_label": "adit", "model": "adituser" }
  },
  {
    "model": "contenttypes.contenttype",
    "pk": 2,
    "fields": { "app_label": "adit", "model": "adpost" }
  },
  {
    "model": "contenttypes.contenttype",
    "pk": 3,
    "fields": { "app_label": "adit", "model": "adreception" }
  },
  {
    "model": "contenttypes.contenttype",
    "pk": 4,
    "fields": { "app_label": "adit", "model": "interestedtags" }
  },
  {
    "model": "contenttypes.contenttype",
    "pk": 5,
    "fields": { "app_label": "adit", "model": "postimage" }
  },
  {
    "model": "contenttypes.contenttype",
    "pk": 6,
    "fields": { "app_label": "adit", "model": "question" }
  },
  {
    "model": "contenttypes.contenttype",
    "pk": 7,
    "fields": { "app_label": "admin", "model": "logentry" }
  },
  {
    "model": "contenttypes.contenttype",
    "pk": 8,
    "fields": { "app_label": "auth", "model": "permission" }
  },
  {
    "model": "contenttypes.contenttype",
    "pk": 9,
    "fields": { "app_label": "auth", "model": "group" }
  },
  {
    "model": "contenttypes.contenttype",
    "pk": 10,
    "fields": { "app_label": "contenttypes", "model": "contenttype" }
  },
  {
    "model": "contenttypes.contenttype",
    "pk": 11,
    "fields": { "app_label": "sessions", "model": "session" }
  },
  {
    "model": "sessions.session",
    "pk": "2h9x54ws41fq2rbz9dnixzrzsebda3z0",
    "fields": {
      "session_data": "YmUxZTc1ZDhhNDYzNzRlMjgwZDJkNzFlYmRhOGI2Nzc1MjkyYzM0NDp7Il9hdXRoX3VzZXJfaWQiOiIxIiwiX2F1dGhfdXNlcl9iYWNrZW5kIjoiZGphbmdvLmNvbnRyaWIuYXV0aC5iYWNrZW5kcy5Nb2RlbEJhY2tlbmQiLCJfYXV0aF91c2VyX2hhc2giOiIxNTlhZWMyOThjYTdlZWY5NDEzYjRhYWU4YTkxNzQ5NWYyMmNiMzg4In0=",
      "expire_date": "2019-12-05T17:11:55.287"
    }
  },
  {
    "model": "auth.permission",
    "pk": 1,
    "fields": {
      "name": "Can add adit user",
      "content_type": 1,
      "codename": "add_adituser"
    }
  },
  {
    "model": "auth.permission",
    "pk": 2,
    "fields": {
      "name": "Can change adit user",
      "content_type": 1,
      "codename": "change_adituser"
    }
  },
  {
    "model": "auth.permission",
    "pk": 3,
    "fields": {
      "name": "Can delete adit user",
      "content_type": 1,
      "codename": "delete_adituser"
    }
  },
  {
    "model": "auth.permission",
    "pk": 4,
    "fields": {
      "name": "Can view adit user",
      "content_type": 1,
      "codename": "view_adituser"
    }
  },
  {
    "model": "auth.permission",
    "pk": 5,
    "fields": {
      "name": "Can add ad post",
      "content_type": 2,
      "codename": "add_adpost"
    }
  },
  {
    "model": "auth.permission",
    "pk": 6,
    "fields": {
      "name": "Can change ad post",
      "content_type": 2,
      "codename": "change_adpost"
    }
  },
  {
    "model": "auth.permission",
    "pk": 7,
    "fields": {
      "name": "Can delete ad post",
      "content_type": 2,
      "codename": "delete_adpost"
    }
  },
  {
    "model": "auth.permission",
    "pk": 8,
    "fields": {
      "name": "Can view ad post",
      "content_type": 2,
      "codename": "view_adpost"
    }
  },
  {
    "model": "auth.permission",
    "pk": 9,
    "fields": {
      "name": "Can add ad reception",
      "content_type": 3,
      "codename": "add_adreception"
    }
  },
  {
    "model": "auth.permission",
    "pk": 10,
    "fields": {
      "name": "Can change ad reception",
      "content_type": 3,
      "codename": "change_adreception"
    }
  },
  {
    "model": "auth.permission",
    "pk": 11,
    "fields": {
      "name": "Can delete ad reception",
      "content_type": 3,
      "codename": "delete_adreception"
    }
  },
  {
    "model": "auth.permission",
    "pk": 12,
    "fields": {
      "name": "Can view ad reception",
      "content_type": 3,
      "codename": "view_adreception"
    }
  },
  {
    "model": "auth.permission",
    "pk": 13,
    "fields": {
      "name": "Can add interested tags",
      "content_type": 4,
      "codename": "add_interestedtags"
    }
  },
  {
    "model": "auth.permission",
    "pk": 14,
    "fields": {
      "name": "Can change interested tags",
      "content_type": 4,
      "codename": "change_interestedtags"
    }
  },
  {
    "model": "auth.permission",
    "pk": 15,
    "fields": {
      "name": "Can delete interested tags",
      "content_type": 4,
      "codename": "delete_interestedtags"
    }
  },
  {
    "model": "auth.permission",
    "pk": 16,
    "fields": {
      "name": "Can view interested tags",
      "content_type": 4,
      "codename": "view_interestedtags"
    }
  },
  {
    "model": "auth.permission",
    "pk": 17,
    "fields": {
      "name": "Can add post image",
      "content_type": 5,
      "codename": "add_postimage"
    }
  },
  {
    "model": "auth.permission",
    "pk": 18,
    "fields": {
      "name": "Can change post image",
      "content_type": 5,
      "codename": "change_postimage"
    }
  },
  {
    "model": "auth.permission",
    "pk": 19,
    "fields": {
      "name": "Can delete post image",
      "content_type": 5,
      "codename": "delete_postimage"
    }
  },
  {
    "model": "auth.permission",
    "pk": 20,
    "fields": {
      "name": "Can view post image",
      "content_type": 5,
      "codename": "view_postimage"
    }
  },
  {
    "model": "auth.permission",
    "pk": 21,
    "fields": {
      "name": "Can add question",
      "content_type": 6,
      "codename": "add_question"
    }
  },
  {
    "model": "auth.permission",
    "pk": 22,
    "fields": {
      "name": "Can change question",
      "content_type": 6,
      "codename": "change_question"
    }
  },
  {
    "model": "auth.permission",
    "pk": 23,
    "fields": {
      "name": "Can delete question",
      "content_type": 6,
      "codename": "delete_question"
    }
  },
  {
    "model": "auth.permission",
    "pk": 24,
    "fields": {
      "name": "Can view question",
      "content_type": 6,
      "codename": "view_question"
    }
  },
  {
    "model": "auth.permission",
    "pk": 25,
    "fields": {
      "name": "Can add log entry",
      "content_type": 7,
      "codename": "add_logentry"
    }
  },
  {
    "model": "auth.permission",
    "pk": 26,
    "fields": {
      "name": "Can change log entry",
      "content_type": 7,
      "codename": "change_logentry"
    }
  },
  {
    "model": "auth.permission",
    "pk": 27,
    "fields": {
      "name": "Can delete log entry",
      "content_type": 7,
      "codename": "delete_logentry"
    }
  },
  {
    "model": "auth.permission",
    "pk": 28,
    "fields": {
      "name": "Can view log entry",
      "content_type": 7,
      "codename": "view_logentry"
    }
  },
  {
    "model": "auth.permission",
    "pk": 29,
    "fields": {
      "name": "Can add permission",
      "content_type": 8,
      "codename": "add_permission"
    }
  },
  {
    "model": "auth.permission",
    "pk": 30,
    "fields": {
      "name": "Can change permission",
      "content_type": 8,
      "codename": "change_permission"
    }
  },
  {
    "model": "auth.permission",
    "pk": 31,
    "fields": {
      "name": "Can delete permission",
      "content_type": 8,
      "codename": "delete_permission"
    }
  },
  {
    "model": "auth.permission",
    "pk": 32,
    "fields": {
      "name": "Can view permission",
      "content_type": 8,
      "codename": "view_permission"
    }
  },
  {
    "model": "auth.permission",
    "pk": 33,
    "fields": {
      "name": "Can add group",
      "content_type": 9,
      "codename": "add_group"
    }
  },
  {
    "model": "auth.permission",
    "pk": 34,
    "fields": {
      "name": "Can change group",
      "content_type": 9,
      "codename": "change_group"
    }
  },
  {
    "model": "auth.permission",
    "pk": 35,
    "fields": {
      "name": "Can delete group",
      "content_type": 9,
      "codename": "delete_group"
    }
  },
  {
    "model": "auth.permission",
    "pk": 36,
    "fields": {
      "name": "Can view group",
      "content_type": 9,
      "codename": "view_group"
    }
  },
  {
    "model": "auth.permission",
    "pk": 37,
    "fields": {
      "name": "Can add content type",
      "content_type": 10,
      "codename": "add_contenttype"
    }
  },
  {
    "model": "auth.permission",
    "pk": 38,
    "fields": {
      "name": "Can change content type",
      "content_type": 10,
      "codename": "change_contenttype"
    }
  },
  {
    "model": "auth.permission",
    "pk": 39,
    "fields": {
      "name": "Can delete content type",
      "content_type": 10,
      "codename": "delete_contenttype"
    }
  },
  {
    "model": "auth.permission",
    "pk": 40,
    "fields": {
      "name": "Can view content type",
      "content_type": 10,
      "codename": "view_contenttype"
    }
  },
  {
    "model": "auth.permission",
    "pk": 41,
    "fields": {
      "name": "Can add session",
      "content_type": 11,
      "codename": "add_session"
    }
  },
  {
    "model": "auth.permission",
    "pk": 42,
    "fields": {
      "name": "Can change session",
      "content_type": 11,
      "codename": "change_session"
    }
  },
  {
    "model": "auth.permission",
    "pk": 43,
    "fields": {
      "name": "Can delete session",
      "content_type": 11,
      "codename": "delete_session"
    }
  },
  {
    "model": "auth.permission",
    "pk": 44,
    "fields": {
      "name": "Can view session",
      "content_type": 11,
      "codename": "view_session"
    }
  },
  {
    "model": "adit.adituser",
    "pk": 1,
    "fields": {
      "password": "pbkdf2_sha256$150000$rMEYB2515WLb$Cw9RXxTDoybA9jag8W+Cbop97u3/p4+AkbjEfFy0F7s=",
      "last_login": "2019-11-06T01:40:01.543",
      "is_superuser": false,
      "email": "user@snu.ac.kr",
      "nickname": "user",
      "avatar": "",
      "first_name": "First",
      "last_name": "Last",
      "point": 0,
      "is_active": true,
      "is_admin": false,
      "groups": [],
      "user_permissions": [],
      "tags": [1, 2]
    }
  },
  {
    "model": "adit.adituser",
    "pk": 2,
    "fields": {
      "password": "pbkdf2_sha256$150000$oI6jsQn6z9LB$9m2/W/sbHgOY/qI3ypQZ/AJFwkuourpididWphTg1gY=",
      "last_login": "2019-11-06T03:09:28.472",
      "is_superuser": false,
      "email": "csh3695@snu.ac.kr",
      "nickname": "Kent",
      "avatar": "",
      "first_name": "Choi",
      "last_name": "Seonghwan",
      "point": 0,
      "is_active": true,
      "is_admin": false,
      "groups": [],
      "user_permissions": [],
      "tags": [1, 2, 32, 39, 40, 41, 42, 43]
    }
  },
  {
    "model": "adit.adituser",
    "pk": 3,
    "fields": {
      "password": "pbkdf2_sha256$150000$woVLk6NrGg1K$+bxR9wmpvzLY/ueM/ko3KtUSzhffUCWmdCISsdcebMo=",
      "last_login": "2019-11-06T01:46:50.432",
      "is_superuser": false,
      "email": "graysea@daum.net",
      "nickname": "Kaiser",
      "avatar": "",
      "first_name": "Seo",
      "last_name": "Yeongho",
      "point": 0,
      "is_active": true,
      "is_admin": false,
      "groups": [],
      "user_permissions": [],
      "tags": [1, 2, 8, 9, 10, 11, 12]
    }
  },
  {
    "model": "adit.adituser",
    "pk": 4,
    "fields": {
      "password": "pbkdf2_sha256$150000$aWVCpeQ3FAVD$SqlzJt2WYvAPb4GjG/1UTEq4a6DbLNvRcpUy7eI1lAw=",
      "last_login": "2019-11-06T02:29:19.081",
      "is_superuser": false,
      "email": "sanggggg@wafflestudio.com",
      "nickname": "sanggggg",
      "avatar": "",
      "first_name": "Kim",
      "last_name": "Sangmin",
      "point": 119,
      "is_active": true,
      "is_admin": false,
      "groups": [],
      "user_permissions": [],
      "tags": [1, 2, 16, 17, 18]
    }
  },
  {
    "model": "adit.adituser",
    "pk": 5,
    "fields": {
      "password": "pbkdf2_sha256$150000$vAPI20Zlja75$MDSqjQ7fXp9isEi1QLkMgvc6ThccEq3U9xAsCX2A+dk=",
      "last_login": "2019-11-06T03:16:09.601",
      "is_superuser": false,
      "email": "sonmath43@gmail.com",
      "nickname": "dhdroid",
      "avatar": "",
      "first_name": "Donghyun",
      "last_name": "Son",
      "point": 105,
      "is_active": true,
      "is_admin": false,
      "groups": [],
      "user_permissions": [],
      "tags": [1, 2, 16, 30, 31, 32]
    }
  },
  {
    "model": "adit.adpost",
    "pk": 1,
    "fields": {
      "owner": 3,
      "title": "React Study",
      "subtitle": "Let study React!",
      "content": "\ub9ac\uc561\ud2b8 3\uac1c\uc6d4 \ub2e8\uae30 \uc18d\uc131 \uac15\uc88c!\n\n3\uac1c\uc6d4 \ub9cc\uc5d0 \ub098\ub9cc\uc758 \uc6f9\uc0ac\uc774\ud2b8\ub97c \ub9cc\ub4e4\uc5b4\ubcf4\uc544\uc694!\n\n\uc815\uc6d0 20\uba85\n\n\uc218\uac15\ub8cc 310\ub9cc\uc6d0",
      "thumbnail": 1,
      "ad_link": "https://ko.reactjs.org/",
      "closed": false,
      "target_views": 5000,
      "total_views": 0,
      "upload_date": "2019-11-06T01:49:46.818",
      "expiry_date": "2019-11-29",
      "image": [],
      "tags": [2, 11, 12, 13]
    }
  },
  {
    "model": "adit.adpost",
    "pk": 2,
    "fields": {
      "owner": 3,
      "title": "\uc11c\uc601\uba54\uc758 \uae30\ud0c0 \ucf58\uc11c\ud2b8",
      "subtitle": "\ud55c\uad6d \uae30\ud0c0\uc758 \uc804\uc124, \uc11c\uc601\ubc30 \ub2e8\ub3c5 \ucf58\uc11c\ud2b8",
      "content": "\"\ub300\ud55c\ubbfc\uad6d\uc774 \ub0b3\uc740 \ucd5c\uace0\uc758 \uae30\ud0c0\ub9ac\uc2a4\ud2b8\"\n\n\"\uc5ed\uc2dc \uc11c\uc601\uba54 \uc120\ubc30\ub2d8, \ubb34\ub300\ub97c \ub4a4\uc9d1\uc5b4 \ub193\uc73c\uc168\ub2e4!\"\n\n19\ub144 \uc5f0\ub95c\uc5d0\uc11c \ud758\ub7ec\ub098\uc624\ub294 \uac10\ub3d9\uc801\uc778 \uc5f0\uc8fc\n\uc62c \ud574 12\uc6d4 5\uc77c \uc11c\uc6b8\ub300\ud559\uad50 \uac00\uc628\ud640\uc5d0\uc11c \ub9cc\ub098\ubcf4\uc138\uc694\n\n\uc77c\uc2dc 2019\ub144 12\uc6d4 5\uc77c\n\uc7a5\uc18c \uc11c\uc6b8\ub300\ud559\uad50 \uac00\uc628\ud640\n\n\uc5f0\ub77d\ucc98 010-1234-5678",
      "thumbnail": 2,
      "ad_link": "https://ko.wikipedia.org/wiki/%EC%A7%80%EB%AF%B8_%ED%97%A8%EB%93%9C%EB%A6%AD%EC%8A%A4",
      "closed": false,
      "target_views": 2000,
      "total_views": 8,
      "upload_date": "2019-11-06T02:00:03.474",
      "expiry_date": "2019-12-05",
      "image": [],
      "tags": [1, 9, 14, 15]
    }
  },
  {
    "model": "adit.adpost",
    "pk": 3,
    "fields": {
      "owner": 4,
      "title": "\ubcf4\uc131\ub9d0\ucc28, \ud568\uaed8 \ub9c8\uc154\uc694",
      "subtitle": "\ud568\uaed8\ud574\uc694 \ubcf4\uc131\ub9d0\ucc28 \ud398\uc2a4\ud2f0\ubc8c",
      "content": "\ub300\ud55c\ubbfc\uad6d \uad6d\ubbfc\uc74c\ub8cc \ubcf4\uc131\ub9d0\ucc28\uc640 \ud568\uaed8\ud558\ub294 \ud398\uc2a4\ud2f0\ubc8c!\n\n\ub9d0\ucc28 \ucee8\ud14c\uc2a4\ud2b8, \ubbf8\uc2a4 \ub9d0\ucc28 \uc120\ubc1c\ub300\ud68c, \ub9d0\ucc28 \ub9ce\uc774 \ub9c8\uc2dc\uae30 \ub300\ud68c \ub4f1 \ub2e4\uc591\ud55c \ud589\uc0ac\ub97c \ud568\uaed8\ud558\uc138\uc694!\n\n\uc77c\uc2dc 2019.11.30\n\uc7a5\uc18c \ubcf4\uc131 \uc5b4\ub518\uac00\n\uc785\uc7a5\ub8cc 4400\uc6d0",
      "thumbnail": 3,
      "ad_link": "http://www.dongwonmall.com/product/detail.do?productId=000833516",
      "closed": false,
      "target_views": 3000,
      "total_views": 5,
      "upload_date": "2019-11-06T02:08:32.315",
      "expiry_date": "2019-11-30",
      "image": [],
      "tags": [18, 19, 20, 21, 22, 23]
    }
  },
  {
    "model": "adit.adpost",
    "pk": 4,
    "fields": {
      "owner": 4,
      "title": "\uc640\ud50c\uc2a4\ud29c\ub514\uc624\ub9ac\ud06c\ub8e8\ud305",
      "subtitle": "\uc640\ud50c\uc2a4\ud29c\ub514\uc624 18\uae30\ub97c \ubaa8\uc9d1\ud569\ub2c8\ub2e4",
      "content": "\uc11c\uc6b8\ub300\ud559\uad50 \uc6f9/\uc571 \uac1c\ubc1c \ub3d9\uc544\ub9ac \uc640\ud50c \uc2a4\ud29c\ub514\uc624\uc5d0\uc11c \uc2e0\uc785 \uac1c\ubc1c\uc790\ub97c \ubaa8\uc9d1\ud569\ub2c8\ub2e4\n\n\uc9c0\uc6d0 \uae30\uac04 : ~2019.11.20\n\n\uc790\uae30\uc18c\uac1c\uc11c : \ud398\uc774\uc9c0 \ucc38\uc870",
      "thumbnail": 4,
      "ad_link": "https://www.facebook.com/wafflestudio",
      "closed": false,
      "target_views": 100,
      "total_views": 6,
      "upload_date": "2019-11-06T02:14:23.687",
      "expiry_date": "2019-11-20",
      "image": [],
      "tags": [1, 2, 16, 24, 25, 26, 27, 28, 29]
    }
  },
  {
    "model": "adit.adpost",
    "pk": 5,
    "fields": {
      "owner": 5,
      "title": "Android Study",
      "subtitle": "\uad00\uc545\uad6c \uc548\ub4dc 1\ud0c0 \uc190\ub3d9\ud604\uc758 \ub9de\ucda4 \uac15\uc758",
      "content": "2019\ub144 \ud558\ubc18\uae30, \uadf8\uac00 \ub3cc\uc544\uc654\ub2e4!\n\n\uc548\ub4dc\ub85c\uc774\ub4dc \uac15\uc88c\uc758 \ub300\uac00 \uc190\ub3d9\ud604\uc774 \uc900\ube44\ud55c 3\uac1c\uc6d4 \ub2e8\uae30 \ub9de\ucda4\ud615 \uc548\ub4dc\ub85c\uc774\ub4dc \uac15\uc88c\ub97c \ub2e8\ub3c8 400\uc6d0\uc5d0 \ub4e4\uc5b4\ubcf4\uc138\uc694!\n\n\uac15\uc758\ub8cc 400\uc6d0",
      "thumbnail": 5,
      "ad_link": "https://www.android.com/intl/ko_kr/",
      "closed": false,
      "target_views": 100,
      "total_views": 0,
      "upload_date": "2019-11-06T02:22:07.736",
      "expiry_date": "2019-11-28",
      "image": [],
      "tags": [16, 33, 34, 35, 36, 37]
    }
  },
  {
    "model": "adit.adpost",
    "pk": 6,
    "fields": {
      "owner": 5,
      "title": "\ud559\uc0acvs\uc11d\uc0acvs\uad50\uc218 \ub18d\uad6c\ub300\ud68c",
      "subtitle": "\uc313\uc5ec\uc788\ub358 \uc6b8\ubd84, \ucf54\ud2b8\uc704\uc5d0\uc11c \ud480\uc5b4\ubcf4\uc138\uc694!",
      "content": "\uc11c\uc6b8\ub300\ud559\uad50 \ucef4\ud4e8\ud130 \uacf5\ud559\ubd80\uac00 \uc8fc\ucd5c\ud558\ub294\n\ud559\uc0acvs\uc11d\uc0acvs\uad50\uc218 \ub18d\uad6c\ub300\ud68c!\n\n\uac15\uc758\uc5d0\uc11c, \ub7a9\uc2e4\uc5d0\uc11c \uc313\uc5ec\uc788\ub358 \ubd84\ub178\ub4e4, \ucf54\ud2b8\uc704\uc5d0\uc11c \ubc29\ucd9c\ud574 \ubcf4\uc138\uc694\n\n\ucc38\uac00\uc2e0\uccad ~2019.12.30\n\ub300\ud68c\uc7a5\uc18c \uc608\uc120 \uc18c\ud504\ud2b8\uc6e8\uc5b4\uc2e4\uc2b5\uc2e4, \ubcf8\uc120 \ud558\ub4dc\uc6e8\uc5b4 \uc2e4\uc2b5\uc2e4\n",
      "thumbnail": 6,
      "ad_link": "https://watch.nba.com/",
      "closed": false,
      "target_views": 49,
      "total_views": 0,
      "upload_date": "2019-11-06T02:26:39.462",
      "expiry_date": "2019-12-30",
      "image": [],
      "tags": [1, 2, 30, 38]
    }
  },
  {
    "model": "adit.adpost",
    "pk": 7,
    "fields": {
      "owner": 2,
      "title": "\ucd5c\uc131\ud658\uc758 \uae68\ucda4\uad50\uc2e4",
      "subtitle": "\uaea0\ucda4 \uc778\uac04\ubb38\ud654\uc7ac \ucd5c\uc131\ud658\uc758 \uae68\ucda4\uad50\uc2e4",
      "content": "\uc0b6\uc774 \ubb34\ub8cc\ud558\uc2e0\uac00\uc694? \ucde8\ubbf8\uac00 \ud544\uc694\ud558\uc2e0\uac00\uc694? \ud0c4\ud0c4\ud55c \ud5c8\ub9ac\uadfc\uc721\uc744 \ub9cc\ub4e4\uace0 \uc2f6\uc73c\uc2e0\uac00\uc694?\n\n\uadf8\ub7f0 \ub2f9\uc2e0\uc744 \uc704\ud574 \uc900\ube44\ud588\uc2b5\ub2c8\ub2e4!\n\n2019 all new \ucd5c\uc131\ud658\uc758 \uaea0\ucda4\uad50\uc2e4!!\n\n",
      "thumbnail": 7,
      "ad_link": "https://ko.dict.naver.com/small_detail.nhn?docid=6194600",
      "closed": false,
      "target_views": 392,
      "total_views": 13,
      "upload_date": "2019-11-06T03:15:00.122",
      "expiry_date": "2019-11-29",
      "image": [],
      "tags": [32, 44, 45, 46]
    }
  },
  {
    "model": "adit.adreception",
    "pk": 1,
    "fields": {
      "owner": 4,
      "adpost": 2,
      "views": 17,
      "unique_link": "http://localhost:3000/redirectfrom=Ko93RDMycqhA",
      "closed": false,
      "recept_time": "2019-11-06T02:14:59.284"
    }
  },
  {
    "model": "adit.adreception",
    "pk": 2,
    "fields": {
      "owner": 5,
      "adpost": 4,
      "views": 0,
      "unique_link": "http://localhost:3000/redirectfrom=LpW3Rqp9SNsj",
      "closed": false,
      "recept_time": "2019-11-06T02:27:13.179"
    }
  },
  {
    "model": "adit.adreception",
    "pk": 3,
    "fields": {
      "owner": 5,
      "adpost": 2,
      "views": 1,
      "unique_link": "http://localhost:3000/redirectfrom=z8YMo33kSRho",
      "closed": false,
      "recept_time": "2019-11-06T02:30:07.926"
    }
  },
  {
    "model": "adit.adreception",
    "pk": 4,
    "fields": {
      "owner": 5,
      "adpost": 3,
      "views": 1,
      "unique_link": "http://localhost:3000/redirectfrom=2pDKE0n1SVi9",
      "closed": false,
      "recept_time": "2019-11-06T02:34:27.672"
    }
  },
  {
    "model": "adit.adreception",
    "pk": 5,
    "fields": {
      "owner": 5,
      "adpost": 7,
      "views": 13,
      "unique_link": "http://localhost:3000/redirectfrom=Ov63RNZLHZCP",
      "closed": false,
      "recept_time": "2019-11-06T03:16:13.852"
    }
  }
]
